[{"id": "US-AL", "name": "阿拉巴马州", "name_en": "Alabama", "code": "AL", "type": "州", "administrative_center": "蒙哥马利", "coordinates": {"lat": 32.3617, "lng": -86.2792}}, {"id": "US-AK", "name": "阿拉斯加州", "name_en": "Alaska", "code": "AK", "type": "州", "administrative_center": "朱诺", "coordinates": {"lat": 58.3016, "lng": -134.4197}}, {"id": "US-AZ", "name": "亚利桑那州", "name_en": "Arizona", "code": "AZ", "type": "州", "administrative_center": "菲尼克斯", "coordinates": {"lat": 33.4484, "lng": -112.074}}, {"id": "US-AR", "name": "阿肯色州", "name_en": "Arkansas", "code": "AR", "type": "州", "administrative_center": "小石城", "coordinates": {"lat": 34.7465, "lng": -92.2896}}, {"id": "US-CA", "name": "加利福尼亚州", "name_en": "California", "code": "CA", "type": "州", "administrative_center": "萨克拉门托", "coordinates": {"lat": 38.5758, "lng": -121.4789}}, {"id": "US-CO", "name": "科罗拉多州", "name_en": "Colorado", "code": "CO", "type": "州", "administrative_center": "丹佛", "coordinates": {"lat": 39.7392, "lng": -104.9903}}, {"id": "US-CT", "name": "康涅狄格州", "name_en": "Connecticut", "code": "CT", "type": "州", "administrative_center": "哈特福德", "coordinates": {"lat": 41.7637, "lng": -72.6851}}, {"id": "US-DE", "name": "特拉华州", "name_en": "Delaware", "code": "DE", "type": "州", "administrative_center": "多佛", "coordinates": {"lat": 39.1612, "lng": -75.5264}}, {"id": "US-FL", "name": "佛罗里达州", "name_en": "Florida", "code": "FL", "type": "州", "administrative_center": "塔拉哈西", "coordinates": {"lat": 30.4378, "lng": -84.2807}}, {"id": "US-GA", "name": "佐治亚州", "name_en": "Georgia", "code": "GA", "type": "州", "administrative_center": "亚特兰大", "coordinates": {"lat": 33.749, "lng": -84.388}}, {"id": "US-HI", "name": "夏威夷州", "name_en": "Hawaii", "code": "HI", "type": "州", "administrative_center": "檀香山", "coordinates": {"lat": 21.3099, "lng": -157.8581}}, {"id": "US-ID", "name": "爱达荷州", "name_en": "Idaho", "code": "ID", "type": "州", "administrative_center": "博伊西", "coordinates": {"lat": 43.615, "lng": -116.2023}}, {"id": "US-IL", "name": "伊利诺伊州", "name_en": "Illinois", "code": "IL", "type": "州", "administrative_center": "斯普林菲尔德", "coordinates": {"lat": 39.7817, "lng": -89.6501}}, {"id": "US-IN", "name": "印第安纳州", "name_en": "Indiana", "code": "IN", "type": "州", "administrative_center": "印第安纳波利斯", "coordinates": {"lat": 39.7684, "lng": -86.1581}}, {"id": "US-IA", "name": "爱荷华州", "name_en": "Iowa", "code": "IA", "type": "州", "administrative_center": "得梅因", "coordinates": {"lat": 41.5868, "lng": -93.625}}, {"id": "US-KS", "name": "堪萨斯州", "name_en": "Kansas", "code": "KS", "type": "州", "administrative_center": "托皮卡", "coordinates": {"lat": 39.0473, "lng": -95.6752}}, {"id": "US-KY", "name": "肯塔基州", "name_en": "Kentucky", "code": "KY", "type": "州", "administrative_center": "法兰克福", "coordinates": {"lat": 38.1867, "lng": -84.8757}}, {"id": "US-LA", "name": "路易斯安那州", "name_en": "Louisiana", "code": "LA", "type": "州", "administrative_center": "巴吞鲁日", "coordinates": {"lat": 30.4515, "lng": -91.1871}}, {"id": "US-ME", "name": "缅因州", "name_en": "Maine", "code": "ME", "type": "州", "administrative_center": "奥古斯塔", "coordinates": {"lat": 44.3235, "lng": -69.7653}}, {"id": "US-MD", "name": "马里兰州", "name_en": "Maryland", "code": "MD", "type": "州", "administrative_center": "安纳波利斯", "coordinates": {"lat": 38.9788, "lng": -76.4929}}, {"id": "US-MA", "name": "马萨诸塞州", "name_en": "Massachusetts", "code": "MA", "type": "州", "administrative_center": "波士顿", "coordinates": {"lat": 42.4072, "lng": -71.3824}}, {"id": "US-MI", "name": "密歇根州", "name_en": "Michigan", "code": "MI", "type": "州", "administrative_center": "兰辛", "coordinates": {"lat": 42.7339, "lng": -84.5467}}, {"id": "US-MN", "name": "明尼苏达州", "name_en": "Minnesota", "code": "MN", "type": "州", "administrative_center": "圣保罗", "coordinates": {"lat": 44.9778, "lng": -93.265}}, {"id": "US-MS", "name": "密西西比州", "name_en": "Mississippi", "code": "MS", "type": "州", "administrative_center": "杰克逊", "coordinates": {"lat": 32.3547, "lng": -90.2079}}, {"id": "US-MO", "name": "密苏里州", "name_en": "Missouri", "code": "MO", "type": "州", "administrative_center": "杰斐逊城", "coordinates": {"lat": 38.5792, "lng": -92.1735}}, {"id": "US-MT", "name": "蒙大拿州", "name_en": "Montana", "code": "MT", "type": "州", "administrative_center": "赫勒拿", "coordinates": {"lat": 46.8797, "lng": -110.3626}}, {"id": "US-NE", "name": "内布拉斯加州", "name_en": "Nebraska", "code": "NE", "type": "州", "administrative_center": "林肯", "coordinates": {"lat": 40.8136, "lng": -96.7026}}, {"id": "US-NV", "name": "内华达州", "name_en": "Nevada", "code": "NV", "type": "州", "administrative_center": "卡森城", "coordinates": {"lat": 39.1618, "lng": -119.7669}}, {"id": "US-NH", "name": "新罕布什尔州", "name_en": "New Hampshire", "code": "NH", "type": "州", "administrative_center": "康科德", "coordinates": {"lat": 43.1939, "lng": -71.5724}}, {"id": "US-NJ", "name": "新泽西州", "name_en": "New Jersey", "code": "NJ", "type": "州", "administrative_center": "特伦顿", "coordinates": {"lat": 40.314, "lng": -74.5089}}, {"id": "US-NM", "name": "新墨西哥州", "name_en": "New Mexico", "code": "NM", "type": "州", "administrative_center": "圣菲", "coordinates": {"lat": 35.687, "lng": -105.9378}}, {"id": "US-NY", "name": "纽约州", "name_en": "New York", "code": "NY", "type": "州", "administrative_center": "奥尔巴尼", "coordinates": {"lat": 42.6598, "lng": -75.615}}, {"id": "US-NC", "name": "北卡罗来纳州", "name_en": "North Carolina", "code": "NC", "type": "州", "administrative_center": "罗利", "coordinates": {"lat": 35.771, "lng": -78.638}}, {"id": "US-ND", "name": "北达科他州", "name_en": "North Dakota", "code": "ND", "type": "州", "administrative_center": "俾斯麦", "coordinates": {"lat": 47.5362, "lng": -100.465}}, {"id": "US-OH", "name": "俄亥俄州", "name_en": "Ohio", "code": "OH", "type": "州", "administrative_center": "哥伦布", "coordinates": {"lat": 39.9612, "lng": -82.9988}}, {"id": "US-OK", "name": "俄克拉荷马州", "name_en": "Oklahoma", "code": "OK", "type": "州", "administrative_center": "俄克拉荷马城", "coordinates": {"lat": 35.4676, "lng": -97.5164}}, {"id": "US-OR", "name": "俄勒冈州", "name_en": "Oregon", "code": "OR", "type": "州", "administrative_center": "塞勒姆", "coordinates": {"lat": 44.9385, "lng": -123.0304}}, {"id": "US-PA", "name": "宾夕法尼亚州", "name_en": "Pennsylvania", "code": "PA", "type": "州", "administrative_center": "哈里斯堡", "coordinates": {"lat": 40.2698, "lng": -76.8756}}, {"id": "US-RI", "name": "罗德岛州", "name_en": "Rhode Island", "code": "RI", "type": "州", "administrative_center": "普罗维登斯", "coordinates": {"lat": 41.8236, "lng": -71.4221}}, {"id": "US-SC", "name": "南卡罗来纳州", "name_en": "South Carolina", "code": "SC", "type": "州", "administrative_center": "哥伦比亚", "coordinates": {"lat": 34.0003, "lng": -81.0348}}, {"id": "US-SD", "name": "南达科他州", "name_en": "South Dakota", "code": "SD", "type": "州", "administrative_center": "皮尔", "coordinates": {"lat": 44.3673, "lng": -100.3364}}, {"id": "US-TN", "name": "田纳西州", "name_en": "Tennessee", "code": "TN", "type": "州", "administrative_center": "纳什维尔", "coordinates": {"lat": 36.1627, "lng": -86.7812}}, {"id": "US-TX", "name": "德克萨斯州", "name_en": "Texas", "code": "TX", "type": "州", "administrative_center": "奥斯汀", "coordinates": {"lat": 30.2672, "lng": -97.7431}}, {"id": "US-UT", "name": "犹他州", "name_en": "Utah", "code": "UT", "type": "州", "administrative_center": "盐湖城", "coordinates": {"lat": 40.7608, "lng": -111.891}}, {"id": "US-VT", "name": "佛蒙特州", "name_en": "Vermont", "code": "VT", "type": "州", "administrative_center": "蒙彼利埃", "coordinates": {"lat": 44.2628, "lng": -72.5805}}, {"id": "US-VA", "name": "弗吉尼亚州", "name_en": "Virginia", "code": "VA", "type": "州", "administrative_center": "里士满", "coordinates": {"lat": 37.5407, "lng": -77.436}}, {"id": "US-WA", "name": "华盛顿州", "name_en": "Washington", "code": "WA", "type": "州", "administrative_center": "奥林匹亚", "coordinates": {"lat": 47.0424, "lng": -122.8931}}, {"id": "US-WV", "name": "西弗吉尼亚州", "name_en": "West Virginia", "code": "WV", "type": "州", "administrative_center": "查尔斯顿", "coordinates": {"lat": 38.3498, "lng": -81.6326}}, {"id": "US-WI", "name": "威斯康星州", "name_en": "Wisconsin", "code": "WI", "type": "州", "administrative_center": "麦迪逊", "coordinates": {"lat": 43.0731, "lng": -89.4012}}, {"id": "US-WY", "name": "怀俄明州", "name_en": "Wyoming", "code": "WY", "type": "州", "administrative_center": "夏延", "coordinates": {"lat": 41.14, "lng": -104.8202}}, {"id": "US-DC", "name": "华盛顿特区", "name_en": "Washington D.C.", "code": "DC", "type": "特区", "administrative_center": "华盛顿特区", "coordinates": {"lat": 38.9072, "lng": -77.0369}}, {"id": "US-PR", "name": "波多黎各", "name_en": "Puerto Rico", "code": "PR", "type": "领土", "administrative_center": "圣胡安", "coordinates": {"lat": 18.2208, "lng": -66.5901}}]